18:48:26,/?route=/essai&label=essai,TypeError: Cannot read properties of undefined (reading 'route')
18:58:58,/?route=/essai&label=essai,TypeError: Cannot read properties of undefined (reading 'route')
19:02:39,/?route=/essai&label=essai,TypeError: Cannot read properties of undefined (reading 'route')
19:06:43,/?route=%22/essai%22&label=%22essai%22,TypeError: Cannot read properties of undefined (reading 'route')
19:09:54,/?route=%22/essai%22&label=%22essai%22,TypeError: Cannot read properties of undefined (reading 'route')
19:16:05,/,TypeError: Cannot read properties of undefined (reading 'route')
19:22:37,/,TypeError: Cannot read properties of undefined (reading 'route')
19:42:11,/,TypeError: Cannot read properties of undefined (reading 'label')
19:48:16,/,TypeError: Cannot read properties of undefined (reading 'label')
19:55:35,/,TypeError: Cannot read properties of undefined (reading 'route')
